<?xml version="1.0" encoding="UTF-8"?>
<project-private xmlns="http://www.netbeans.org/ns/project-private/1">
    <editor-bookmarks xmlns="http://www.netbeans.org/ns/editor-bookmarks/2" lastBookmarkId="0"/>
    <open-files xmlns="http://www.netbeans.org/ns/projectui-open-files/2">
        <group>
            <file>file:/C:/Users/lalos/OneDrive%20-%20Instituto%20Tecnologico%20y%20de%20Estudios%20Superiores%20de%20Monterrey/Documents/last-dance/micros/lab/LB5.X/mcc_generated_files/device_config.c</file>
            <file>file:/C:/Users/lalos/OneDrive%20-%20Instituto%20Tecnologico%20y%20de%20Estudios%20Superiores%20de%20Monterrey/Documents/last-dance/micros/lab/LB5.X/main.c</file>
            <file>file:/C:/Users/lalos/OneDrive%20-%20Instituto%20Tecnologico%20y%20de%20Estudios%20Superiores%20de%20Monterrey/Documents/last-dance/micros/lab/LB5.X/mcc_generated_files/mcc.c</file>
        </group>
    </open-files>
</project-private>
